DATE,OIL,PersonalExpenditure,RealDisposableIncome,M2REAL,Unemployment,InterestRate,FoodIndex
1/1/59,13.9,306.1,2318.4,987.9,6,2.48,29.8
2/1/59,13.9,309.6,2325.4,992.1,5.9,2.43,29.7
3/1/59,14,312.7,2338.7,998.3,5.6,2.8,29.5
4/1/59,14,312.2,2353.8,1001,5.2,2.96,29.5
5/1/59,14,316.1,2366.6,1006.2,5.1,2.9,29.5
6/1/59,13.9,318.2,2374.5,1010.3,5,3.39,29.8
7/1/59,13.9,317.8,2370.8,1012.7,5.1,3.47,29.9
8/1/59,13.8,320.2,2356.8,1015.8,5.2,3.5,29.7
9/1/59,13.8,324.2,2357.8,1014.4,5.5,3.76,29.8
10/1/59,13.8,322.8,2359.5,1010.2,5.7,3.98,29.7
11/1/59,13.8,322.9,2376.6,1012.3,5.8,4,29.5
12/1/59,13.8,322.9,2399.7,1012.6,5.3,3.99,29.5
1/1/60,13.9,323.6,2404.9,1015.3,5.2,3.99,29.5
2/1/60,13.8,325.3,2405.3,1014.6,4.8,3.97,29.4
3/1/60,13.7,330.2,2408.1,1017.7,5.4,3.84,29.5
4/1/60,13.8,336.5,2417.3,1015.9,5.2,3.92,30
5/1/60,13.7,330,2422.6,1017.6,5.1,3.85,30
6/1/60,13.8,330.1,2424.9,1020.9,5.4,3.32,30.2
7/1/60,13.8,331.4,2428.8,1029.1,5.5,3.23,30.2
8/1/60,13.8,331.6,2423.3,1036.5,5.6,2.98,30.1
9/1/60,13.8,333.4,2426.7,1041.5,5.5,2.6,30.2
10/1/60,13.9,335.4,2435.6,1040.3,6.1,2.47,30.3
11/1/60,13.8,335.4,2425.5,1044,6.1,2.44,30.4
12/1/60,13.8,331.3,2414.6,1048,6.6,1.98,30.4
1/1/61,13.9,332.2,2437.9,1052.6,6.6,1.45,30.4
2/1/61,14.1,333.7,2448.1,1060.7,6.9,2.54,30.4
3/1/61,14.1,337.7,2458.4,1066.7,6.9,2.02,30.4
4/1/61,14.1,337.6,2463.4,1073.1,7,1.49,30.4
5/1/61,14.1,339.9,2483.5,1079.8,7.1,1.98,30.3
6/1/61,14.1,340.9,2509.1,1086.8,6.9,1.73,30.3
7/1/61,14.1,340.6,2517.6,1088.2,7,1.17,30.6
8/1/61,14.2,342.1,2517.7,1094.2,6.6,2,30.4
9/1/61,14.1,344.4,2519.9,1099.1,6.7,1.88,30.4
10/1/61,14.1,346.5,2546.6,1104.4,6.5,2.26,30.3
11/1/61,14.1,349.9,2570.1,1112.1,6.1,2.61,30.2
12/1/61,14.1,352.4,2585.8,1118,6,2.33,30.2
1/1/62,14.1,353.2,2579.4,1123.5,5.8,2.15,30.3
2/1/62,14.1,354,2590.9,1129.5,5.5,2.37,30.5
3/1/62,14.1,357.4,2608.1,1137.2,5.6,2.85,30.5
4/1/62,14.1,359,2619.6,1143.7,5.6,2.78,30.6
5/1/62,14.1,362,2621.1,1149.1,5.5,2.36,30.5
6/1/62,14.1,360.4,2621.6,1156.2,5.5,2.68,30.6
7/1/62,14.1,361.4,2633,1160.8,5.4,2.71,30.7
8/1/62,14.1,362.9,2635.5,1165.1,5.7,2.93,30.7
9/1/62,14.2,368.8,2636.3,1166.7,5.6,2.9,31
10/1/62,14.2,366.5,2649.3,1175.8,5.4,2.9,30.8
11/1/62,14.3,371.7,2656.5,1184.3,5.7,2.94,30.8
12/1/62,14.4,373.6,2669,1193.9,5.5,2.93,30.6
1/1/63,14.3,374.4,2688.2,1199.7,5.7,2.92,31
2/1/63,14.3,373.4,2672.3,1207,5.9,3,31
3/1/63,14.3,375,2683.6,1215,5.7,2.98,30.9
4/1/63,14.4,376.4,2694.6,1224.7,5.7,2.9,30.8
5/1/63,14.4,377.2,2705,1232.7,5.9,3,30.8
6/1/63,14.4,381.7,2718.6,1236.2,5.6,2.99,31
7/1/63,14.5,384.4,2721.6,1241.8,5.6,3.02,31.4
8/1/63,14.5,386.3,2732.5,1247.5,5.4,3.49,31.4
9/1/63,14.5,385.5,2752.9,1256.5,5.5,3.48,31.2
10/1/63,14.5,386,2768.9,1262.8,5.5,3.5,31
11/1/63,14.6,389.4,2774.7,1271.9,5.7,3.48,31.1
12/1/63,14.5,394.7,2797.1,1273.3,5.5,3.38,31.2
1/1/64,14.5,396.8,2806.4,1277.3,5.6,3.48,31.3
2/1/64,14.5,400.2,2815.3,1286.3,5.4,3.48,31.4
3/1/64,14.5,401.8,2882.1,1292.2,5.4,3.43,31.3
4/1/64,14.2,402.8,2897.7,1297.9,5.3,3.47,31.3
5/1/64,14.3,408.4,2912.9,1304.7,5.1,3.5,31.2
6/1/64,14.3,411.4,2922.5,1312.8,5.2,3.5,31.4
7/1/64,14.2,414.9,2936.4,1322.1,4.9,3.42,31.7
8/1/64,14.2,417.7,2949.4,1331.4,5,3.5,31.6
9/1/64,14.2,416.6,2961.1,1341.4,5.1,3.45,31.7
10/1/64,14.3,419.6,2960.2,1346.7,5.1,3.36,31.6
11/1/64,14.3,416.4,2979.4,1352.1,4.8,3.52,31.6
12/1/64,14.5,421,3008,1359,5,3.85,31.6
1/1/65,14.5,424.4,3013.8,1366.7,4.9,3.9,31.5
2/1/65,14.6,431.4,3014.5,1376,5.1,3.98,31.5
3/1/65,14.6,433.3,3024.6,1383.6,4.7,4.05,31.6
4/1/65,14.6,437.1,3027.8,1387.5,4.8,4.09,31.7
5/1/65,14.6,437.6,3061.4,1388.5,4.6,4.1,31.9
6/1/65,14.6,435.2,3065.8,1392.3,4.6,4.05,32.6
7/1/65,14.5,441,3097.8,1402.5,4.4,4.09,32.8
8/1/65,14.6,444.4,3113.1,1413,4.4,4.12,32.6
9/1/65,14.6,452,3194.5,1421.6,4.3,4.02,32.4
10/1/65,14.9,458.5,3178.9,1430,4.2,4.08,32.4
11/1/65,14.8,459.1,3201.4,1435.3,4.1,4.1,32.4
12/1/65,14.9,461.7,3214.6,1441.8,4,4.32,32.7
1/1/66,14.9,465.2,3216.8,1449.2,4,4.42,33
2/1/66,14.9,470.2,3230.2,1448.3,3.8,4.6,33.5
3/1/66,15,475,3242.8,1451.8,3.8,4.66,33.7
4/1/66,15,476.9,3230.5,1453.8,3.8,4.67,33.7
5/1/66,15.1,473.1,3235.7,1453.2,3.9,4.9,33.6
6/1/66,15,475.5,3249.2,1455.2,3.8,5.17,33.7
7/1/66,15,480.6,3260.4,1451.2,3.8,5.3,33.8
8/1/66,15,483.2,3277.2,1447.5,3.8,5.53,34.3
9/1/66,15,489.2,3296.6,1451.6,3.7,5.4,34.2
10/1/66,15,488.3,3307.3,1448.1,3.7,5.53,34.2
11/1/66,15.1,490.1,3322.5,1451.6,3.6,5.76,34
12/1/66,15.2,491.8,3319.6,1458.7,3.8,5.4,34
1/1/67,15.3,494.2,3353.7,1463.8,3.9,4.94,33.9
2/1/67,15.4,493,3360.2,1470,3.8,5,33.8
3/1/67,15.4,495.8,3385.5,1483.9,3.8,4.53,33.8
4/1/67,15.4,501.3,3384.5,1486.7,3.8,4.05,33.6
5/1/67,15.4,502.2,3391.3,1502.1,3.8,3.94,33.7
6/1/67,15.4,506.8,3403.8,1507.5,3.9,3.98,34
7/1/67,15.5,506.7,3417.4,1515.9,3.8,3.79,34.3
8/1/67,15.5,509.8,3429.7,1524.8,3.8,3.9,34.5
9/1/67,15.6,515.6,3429.3,1531.8,3.8,3.99,34.3
10/1/67,15.6,512.2,3434.5,1537.7,4,3.88,34.2
11/1/67,15.7,517.4,3455.3,1537.5,3.9,4.13,34.2
12/1/67,15.7,525.1,3461.6,1543.5,3.8,4.51,34.4
1/1/68,15.7,530.9,3480.2,1546.6,3.7,4.61,34.6
2/1/68,15.7,533.6,3505.4,1550.9,3.8,4.71,34.7
3/1/68,15.8,544.3,3538.4,1554.5,3.7,5.05,34.9
4/1/68,15.8,544,3550.7,1557.3,3.5,5.76,35
5/1/68,16,549.8,3565.2,1562,3.5,6.12,35.1
6/1/68,16,556.3,3581.3,1563.7,3.7,6.07,35.2
7/1/68,16.1,563.2,3573.9,1563.3,3.7,6.03,35.5
8/1/68,16.1,567,3578.5,1569.7,3.5,6.03,35.6
9/1/68,16.1,568.2,3578.9,1577.2,3.4,5.78,35.6
10/1/68,16.1,571.6,3591.7,1579.6,3.4,5.91,35.8
11/1/68,16.1,576.7,3605.1,1588.7,3.4,5.82,35.6
12/1/68,16.1,576.5,3617.6,1592.1,3.4,6.02,35.9
1/1/69,16.1,583.5,3611,1594.7,3.4,6.3,36.1
2/1/69,16.1,588.7,3611.8,1597.5,3.4,6.61,36.1
3/1/69,16.2,588.9,3618.3,1591.1,3.4,6.79,36.2
4/1/69,16.2,593.9,3613,1586,3.4,7.41,36.4
5/1/69,16.3,600.3,3654.1,1583.8,3.4,8.67,36.6
6/1/69,16.3,600.9,3679.9,1580.6,3.5,8.9,37.1
7/1/69,16.3,602.7,3705.6,1574.7,3.5,8.61,37.5
8/1/69,16.4,609.9,3728.3,1572.1,3.5,9.19,37.7
9/1/69,16.5,613.2,3736.6,1569,3.7,9.15,37.7
10/1/69,16.5,618.5,3745.4,1564.1,3.7,9,37.6
11/1/69,16.5,620.5,3751.9,1561.1,3.5,8.85,37.9
12/1/69,16.6,622.8,3758.6,1559.4,3.5,8.97,38.4
1/1/70,16.5,628.7,3778.6,1555.7,3.9,8.98,38.7
2/1/70,16.6,634,3790.5,1538.8,4.2,8.98,38.9
3/1/70,16.6,632.3,3805,1533.4,4.4,7.76,38.9
4/1/70,16.7,636,3846,1528.3,4.6,8.1,39.1
5/1/70,16.7,642.4,3830.3,1532.4,4.8,7.95,39.2
6/1/70,16.8,646.3,3838.2,1534,4.9,7.61,39.3
7/1/70,17,648.5,3892.6,1540.1,5,7.21,39.5
8/1/70,17.2,652.9,3905.1,1551,5.1,6.62,39.5
9/1/70,17.4,659.1,3900.8,1559.2,5.4,6.29,39.4
10/1/70,17.6,658.3,3888.1,1564.5,5.5,6.2,39.4
11/1/70,17.7,656.6,3882.3,1568.4,5.9,5.6,39.2
12/1/70,17.8,665.6,3900,1574.1,6.1,4.9,39.3
1/1/71,17.9,676.1,3959.8,1586.2,5.9,4.14,39.4
2/1/71,17.9,679.4,3965.2,1606.5,5.9,3.72,39.5
3/1/71,18,682,3978.2,1624.7,6,3.71,39.9
4/1/71,18,688.8,3986.5,1641.9,5.9,4.16,40.1
5/1/71,18.1,691.1,4002.6,1654.3,5.9,4.63,40.3
6/1/71,18.2,699.8,4087.3,1661.7,5.9,4.91,40.6
7/1/71,18.3,698.9,4029.1,1673.9,6,5.31,40.8
8/1/71,18.4,704.9,4043.3,1684.3,6.1,5.57,40.9
9/1/71,18.5,713,4067.3,1697.3,6,5.55,40.6
10/1/71,18.5,715.8,4080.4,1707.6,5.8,5.2,40.5
11/1/71,18.3,720.9,4090,1718.5,6,4.91,40.6
12/1/71,18.3,728.4,4110.9,1728.2,6,4.14,41
1/1/72,18.2,731.5,4090.1,1742,5.8,3.51,41
2/1/72,18.1,736.2,4115.2,1752.9,5.7,3.3,41.6
3/1/72,18.1,749.2,4132.3,1771.7,5.8,3.83,41.7
4/1/72,18.2,752.5,4130.6,1779.3,5.7,4.17,41.7
5/1/72,18.3,758,4160.9,1786.8,5.7,4.27,41.7
6/1/72,18.3,761.6,4174.2,1797.8,5.7,4.46,41.9
7/1/72,18.4,769.9,4204.5,1817,5.6,4.55,42.3
8/1/72,18.5,776.3,4243.5,1834.6,5.6,4.81,42.5
9/1/72,18.6,781.1,4260,1848.7,5.5,4.87,42.5
10/1/72,18.5,794.9,4366.9,1864.7,5.6,5.05,42.6
11/1/72,18.5,800.5,4415.4,1872.4,5.3,5.06,42.7
12/1/72,18.4,806.1,4435.1,1887.8,5.2,5.33,42.9
1/1/73,18.4,816.5,4411.9,1897.7,4.9,5.94,43.8
2/1/73,19.3,825.8,4444.7,1893.3,5,6.58,44.7
3/1/73,19.5,832.8,4461,1878.6,4.9,7.09,45.8
4/1/73,19.7,835.7,4466.7,1875.7,5,7.12,46.5
5/1/73,20,841.6,4475,1883.4,4.9,7.84,47
6/1/73,20.5,844.3,4488.3,1885.3,4.9,8.49,47.6
7/1/73,20.6,854.1,4499,1892.5,4.8,10.4,48
8/1/73,20.9,853.3,4484.4,1864,4.8,10.5,50.9
9/1/73,21.1,869.2,4507.3,1856.9,4.8,10.78,50.5
10/1/73,22.2,868.2,4546.9,1847.8,4.6,10.01,50.6
11/1/73,24.2,876.9,4554.1,1849.5,4.8,10.03,51.1
12/1/73,26.6,876.6,4537.2,1847.7,4.9,9.95,51.6
1/1/74,29.6,884.5,4504.1,1837,5.1,9.65,52.4
2/1/74,30.6,889.7,4470.2,1827.1,5.2,8.97,53.7
3/1/74,30.7,901.4,4438.2,1820.3,5.1,9.35,54.2
4/1/74,31.7,910.8,4435.1,1814.8,5.1,10.51,54.1
5/1/74,32.6,922.4,4430.6,1799.6,5.1,11.31,54.4
6/1/74,33.3,928,4421.7,1791.4,5.4,11.93,54.6
7/1/74,34.2,937.9,4438.7,1787.8,5.5,12.92,54.7
8/1/74,34.8,954.8,4432.6,1771.7,5.5,12.01,55.5
9/1/74,35.2,955.1,4428,1754.7,5.9,11.34,56.2
10/1/74,35.5,959.2,4442.6,1751.6,6,10.06,56.6
11/1/74,35.6,956.2,4419,1744.9,6.6,9.45,57.2
12/1/74,35.2,961.8,4419.7,1738.2,7.2,8.53,57.8
1/1/75,34.9,975.6,4417.4,1732.9,8.1,7.13,58.2
2/1/75,34.8,989.4,4420.1,1737.8,8.1,6.24,58.5
3/1/75,34.9,990.6,4424.1,1751.9,8.6,5.54,58.4
4/1/75,35.3,995,4505.1,1764.3,8.8,5.49,58.3
5/1/75,35.7,1018.9,4765.1,1785.1,9,5.22,58.6
6/1/75,35.9,1026.8,4604.9,1800,8.8,5.55,59.4
7/1/75,36.6,1039.8,4533.9,1805.7,8.6,6.1,60.9
8/1/75,37.1,1047,4564.1,1813.8,8.4,6.14,60.7
9/1/75,37.6,1054.8,4575.2,1815.9,8.4,6.24,60.6
10/1/75,38.1,1060.9,4594.3,1817.5,8.4,5.82,61
11/1/75,38.1,1075.8,4590.9,1820.8,8.3,5.22,61.3
12/1/75,38.2,1092.1,4595.3,1827.7,8.2,5.2,61.6
1/1/76,38.4,1107.1,4625.1,1839.8,7.9,4.87,61.6
2/1/76,38.2,1107.7,4653.7,1861,7.7,4.77,61.3
3/1/76,37.9,1114.9,4667.6,1875,7.6,4.84,60.9
4/1/76,38,1125.4,4673.7,1890.9,7.7,4.82,61.1
5/1/76,38,1122.7,4673.8,1900.9,7.4,5.29,61.3
6/1/76,38.3,1140.5,4678.3,1900.5,7.6,5.48,61.7
7/1/76,38.5,1149.6,4705.1,1905.8,7.8,5.31,62.1
8/1/76,38.8,1158,4714.6,1917.5,7.8,5.29,62.2
9/1/76,39.2,1168.8,4715.6,1928.5,7.6,5.25,61.9
10/1/76,39.5,1176.8,4707.4,1943,7.7,5.02,61.9
11/1/76,40.3,1189,4749.8,1959,7.8,4.95,61.7
12/1/76,41,1211.5,4767.9,1972.6,7.8,4.65,61.9
1/1/77,42.1,1215,4758.3,1985,7.5,4.61,62.5
2/1/77,42.5,1231.3,4716.2,1985.8,7.6,4.68,64
3/1/77,42.7,1238.3,4782.4,1994.1,7.4,4.69,64.3
4/1/77,43,1247.3,4789.7,1999.3,7.2,4.73,65.1
5/1/77,43.4,1257.1,4790.6,2008.3,7,5.35,65.3
6/1/77,43.6,1263.6,4810.5,2012.9,7.2,5.39,66
7/1/77,44,1280.5,4841.6,2017.6,6.9,5.42,66.3
8/1/77,44.2,1285.7,4861.2,2024.5,7,5.9,66.5
9/1/77,44.7,1294.5,4887.8,2033,6.8,6.14,66.3
10/1/77,45.2,1311.4,4923.4,2035.7,6.8,6.47,66.3
11/1/77,45.7,1327,4962.7,2036.1,6.8,6.51,66.7
12/1/77,45.7,1336,4983.5,2039,6.4,6.56,66.9
1/1/78,45.5,1329.5,4962,2041,6.4,6.7,67.9
2/1/78,45.3,1355.1,4991.5,2040.5,6.3,6.78,68.8
3/1/78,45.4,1377.5,5033,2038.2,6.3,6.79,69.6
4/1/78,45.7,1396.4,5050.5,2035.1,6.1,6.89,70.7
5/1/78,45.8,1412,5047.2,2031.8,6,7.36,71.7
6/1/78,45.7,1425.8,5047.5,2028.5,5.9,7.6,72.9
7/1/78,45.7,1426.8,5072.8,2021.5,6.2,7.81,73.3
8/1/78,45.8,1447,5094.2,2023.5,5.9,8.04,73.4
9/1/78,46.2,1452.9,5095.8,2022.6,6,8.45,73.5
10/1/78,47,1466.9,5109.5,2015.4,5.8,8.96,73.9
11/1/78,47.8,1480.6,5114.1,2013.5,5.9,9.76,74.2
12/1/78,48.4,1496.5,5139.6,2011.8,6,10.03,74.8
1/1/79,48.6,1502.4,5164,2002.3,5.9,10.07,76.3
2/1/79,49.6,1517.8,5184.7,1991,5.9,10.06,77.8
3/1/79,51.7,1531.2,5198.5,1985.4,5.8,10.09,78.5
4/1/79,53.9,1538.4,5156.1,1986,5.8,10.01,79.2
5/1/79,56.6,1558.8,5132.2,1975.1,5.6,10.24,79.9
6/1/79,60.7,1575.7,5118.9,1970.9,5.7,10.29,80.2
7/1/79,64.2,1586.1,5156.2,1965.5,5.7,10.47,80.7
8/1/79,68.4,1615.6,5163.7,1962.8,6,10.94,80.5
9/1/79,72.3,1633.9,5159.3,1954.4,5.9,11.43,80.8
10/1/79,73.6,1641.6,5156.6,1942,6,13.77,81.2
11/1/79,74.6,1657.3,5171.2,1928.8,5.9,13.18,81.5
12/1/79,75.5,1666.3,5182.2,1916.4,6,13.78,82.4
1/1/80,78.5,1697.3,5218.8,1900.9,6.3,13.82,83.1
2/1/80,80.8,1701.4,5191.3,1891.9,6.3,14.13,83.5
3/1/80,83.7,1708.2,5159,1872.4,6.3,17.19,84.3
4/1/80,86.3,1695.2,5153.4,1856.9,6.9,17.61,84.9
5/1/80,86.3,1700.1,5134.3,1851,7.5,10.98,85.3
6/1/80,86.7,1718.8,5145.1,1853.6,7.6,9.47,85.9
7/1/80,87.4,1747.1,5189.8,1871.1,7.8,9.03,86.8
8/1/80,88.1,1763.8,5194.8,1876.8,7.7,9.61,88.2
9/1/80,88.2,1780.5,5216.6,1876,7.5,10.87,89
10/1/80,87.6,1817.1,5257.1,1871.1,7.5,12.81,89.4
11/1/80,88.6,1826.8,5264.5,1864.3,7.5,15.85,90.1
12/1/80,91,1851.7,5288.4,1851.6,7.2,18.9,90.8
1/1/81,95.5,1870,5267.1,1842.8,7.5,19.08,91.5
2/1/81,101.9,1884.2,5250.2,1839.4,7.4,15.93,92.3
3/1/81,106.1,1902.9,5264.4,1847.2,7.4,14.7,92.8
4/1/81,107.8,1904.4,5249,1862.2,7.2,15.72,93
5/1/81,106.5,1913.8,5258.8,1855.3,7.5,18.52,92.9
6/1/81,106.2,1934.5,5287.2,1845.6,7.5,19.1,93.2
7/1/81,106.3,1942.1,5370.5,1838.1,7.2,19.04,94.1
8/1/81,106.2,1966.6,5386.1,1837.6,7.4,17.82,94.5
9/1/81,106.2,1965.5,5376.3,1832.4,7.6,15.87,94.7
10/1/81,104.8,1963.9,5382.3,1843.5,7.9,15.08,94.6
11/1/81,104.4,1970.6,5385,1850.9,8.3,13.31,94.4
12/1/81,104.2,1988.8,5377.6,1865.6,8.5,12.37,94.7
1/1/82,103.5,1997.1,5384.7,1875.4,8.6,13.22,95.8
2/1/82,103.3,2021.2,5399.5,1873.8,8.9,14.78,96.6
3/1/82,102.8,2024.1,5398.9,1886.5,9,14.68,96.4
4/1/82,101.8,2026.3,5452.7,1898.8,9.3,14.94,96.8
5/1/82,101.6,2044.5,5430.3,1893,9.4,14.45,97.3
6/1/82,103.3,2048.1,5400.9,1882.5,9.6,14.15,98.1
7/1/82,104.1,2072.2,5450.4,1878.5,9.8,12.59,98.3
8/1/82,104.4,2080.1,5459.3,1888.6,9.8,10.12,97.9
9/1/82,103.9,2104.6,5457.7,1902.1,10.1,10.31,98
10/1/82,104.5,2125.8,5452.2,1905.9,10.4,9.71,97.8
11/1/82,104.8,2149.3,5474.3,1922.1,10.8,9.2,97.6
12/1/82,102.8,2161.6,5500.9,1950.8,10.8,8.95,97.6
1/1/83,102,2174,5520,2001.4,10.4,8.68,98.2
2/1/83,98.4,2177,5522.6,2037.6,10.4,8.51,98.5
3/1/83,95.3,2202.8,5549.2,2054.2,10.3,8.77,99
4/1/83,95.1,2226.4,5561.3,2053.2,10.2,8.8,99.5
5/1/83,97,2245.9,5572.5,2059.6,10.1,8.63,99.7
6/1/83,96.9,2276,5576.8,2065.9,10.1,8.98,99.5
7/1/83,97.2,2304.4,5647,2068.9,9.4,9.37,99.5
8/1/83,97.9,2320.4,5635.9,2071.9,9.5,9.56,99.6
9/1/83,98.1,2334.9,5676.2,2074.9,9.2,9.45,99.7
10/1/83,97.3,2357.6,5726.4,2082.5,8.8,9.48,99.8
11/1/83,96.1,2366.3,5775,2089.3,8.5,9.34,99.7
12/1/83,95,2393.6,5825.9,2094.2,8.3,9.47,100.2
1/1/84,97.5,2419.4,5851.3,2094.2,8,9.56,102
2/1/84,103.7,2403.5,5884.8,2103.5,7.8,9.59,103
3/1/84,100.7,2431.6,5922.6,2113.9,7.8,9.91,103
4/1/84,101.3,2457.5,5962.5,2121.7,7.7,10.29,103
5/1/84,101.1,2474.5,5971,2129.6,7.4,10.32,102.7
6/1/84,100.9,2495.6,6010.3,2136.1,7.2,11.06,102.9
7/1/84,100.6,2494.6,6017.6,2135.9,7.5,11.23,103.3
8/1/84,99.5,2512.2,6058.5,2136.4,7.5,11.64,103.9
9/1/84,98.2,2533.8,6101.7,2143.6,7.3,11.3,103.7
10/1/84,97.7,2531.3,6079.2,2149.3,7.4,9.99,103.7
11/1/84,96.4,2571.4,6105.7,2166.6,7.2,9.43,103.6
12/1/84,94.8,2582.6,6143.3,2186.2,7.3,8.38,104
1/1/85,94.6,2618.8,6141.6,2206.6,7.3,8.35,104.7
2/1/85,94.3,2640.8,6085.2,2214.6,7.2,8.5,105.5
3/1/85,94.7,2648.5,6057.8,2215.5,7.2,8.58,105.5
4/1/85,95.7,2659.5,6159.5,2220,7.3,8.27,105.5
5/1/85,96,2696.4,6310.8,2229,7.2,7.97,105.3
6/1/85,95.3,2689.4,6178.9,2244.3,7.4,7.53,105.4
7/1/85,94.9,2715.7,6192.8,2255.8,7.4,7.88,105.5
8/1/85,94.5,2752.1,6189,2265.1,7.1,7.9,105.5
9/1/85,95.2,2794.7,6216.2,2272.3,7.1,7.92,105.6
10/1/85,96.3,2755.8,6247.8,2274.7,7.1,7.99,105.6
11/1/85,98.8,2771.1,6258.1,2273.2,7,8.05,106
12/1/85,100.5,2811.3,6296.4,2275.9,7,8.27,106.7
1/1/86,99.7,2827.1,6308.5,2276.7,6.7,8.14,107.6
2/1/86,89.9,2820.2,6341.7,2290.7,7.2,7.86,107.5
3/1/86,84.2,2823.6,6406.5,2321.8,7.2,7.48,107.5
4/1/86,79.4,2835.2,6430.4,2353.1,7.1,6.99,107.7
5/1/86,76.4,2857.5,6435.8,2371.4,7.2,6.85,108
6/1/86,75.4,2861.7,6429.8,2381.2,7.2,6.92,108.1
7/1/86,72,2881.2,6461.8,2398.7,7,6.56,109.1
8/1/86,70.6,2898.6,6469.4,2414.7,6.9,6.17,110
9/1/86,71.4,2971.8,6472.9,2425.3,7,5.89,110.1
10/1/86,70.8,2932.9,6466,2438.7,7,5.85,110.3
11/1/86,70.1,2928.4,6466.7,2446.8,6.9,6.04,110.6
12/1/86,71,2997.1,6473.8,2462.1,6.6,6.91,110.8
1/1/87,73.6,2935.5,6494.2,2463.1,6.6,6.43,112.1
2/1/87,75,3001.7,6525,2457.5,6.6,6.1,112.5
3/1/87,75.6,3013.3,6530.5,2454.3,6.6,6.13,112.5
4/1/87,76,3038.8,6282.3,2455.8,6.3,6.37,112.8
5/1/87,76.1,3048.4,6537,2453.9,6.3,6.85,113.3
6/1/87,77.3,3072.8,6527.6,2444.6,6.2,6.73,113.8
7/1/87,79.2,3094.7,6545.8,2442,6.1,6.58,113.7
8/1/87,80.6,3130.8,6574,2439.4,6,6.73,113.8
9/1/87,80.3,3126.5,6575.3,2440.7,5.9,7.22,114.1
10/1/87,80.6,3134.5,6619.6,2447.7,6,7.29,114.3
11/1/87,80.9,3144.2,6648.1,2442.7,5.8,6.69,114.2
12/1/87,80,3174.1,6711.5,2445,5.7,6.77,114.7
1/1/88,78.5,3213.7,6730.2,2454.7,5.7,6.83,115.7
2/1/88,78.7,3221.4,6773.5,2470.2,5.7,6.58,115.7
3/1/88,78.8,3260.5,6804.3,2481.3,5.7,6.58,115.9
4/1/88,78.7,3263,6830.1,2483.5,5.4,6.87,116.6
5/1/88,79.6,3293.6,6841.7,2490.2,5.6,7.09,117
6/1/88,79.6,3318.5,6868.5,2490.2,5.4,7.51,117.6
7/1/88,78.8,3342.7,6898.2,2487.1,5.4,7.75,118.8
8/1/88,79,3368,6918.4,2480.7,5.6,8.01,119.4
9/1/88,78.2,3375,6932.4,2474.4,5.4,8.19,120.2
10/1/88,76.3,3413.7,6969.9,2473.1,5.4,8.3,120.3
11/1/88,74.7,3430.2,6971.9,2477.3,5.3,8.35,120.2
12/1/88,75.9,3459.7,7005.2,2475.7,5.3,8.76,120.7
1/1/89,78,3483.7,7033.4,2468.4,5.4,9.12,122.2
2/1/89,79,3488,7052.7,2460.7,5.2,9.36,122.9
3/1/89,79.7,3498.8,7087.1,2454.7,5,9.85,123.5
4/1/89,81,3543,7050,2441.9,5.2,9.84,124.2
5/1/89,80.8,3551.8,7017.2,2434.6,5.2,9.81,124.9
6/1/89,80.7,3566.6,7036.7,2439.9,5.3,9.53,125
7/1/89,81.6,3585.7,7061.3,2451.7,5.2,9.24,125.5
8/1/89,81.3,3620.6,7080,2469.4,5.2,8.99,125.8
9/1/89,81.6,3621.9,7101.4,2478,5.3,9.02,126.1
10/1/89,83.5,3633.6,7136.8,2483.3,5.3,8.84,126.5
11/1/89,84.7,3643.3,7144,2488.7,5.4,8.55,126.9
12/1/89,87.9,3684.2,7144.7,2496,5.4,8.45,127.4
1/1/90,110.6,3730.7,7187.4,2483.8,5.4,8.23,130.4
2/1/90,92.8,3728.2,7203.3,2483.8,5.3,8.24,131.3
3/1/90,89.8,3754.9,7206.1,2480.6,5.2,8.28,131.5
4/1/90,88.4,3770,7253.4,2483.8,5.4,8.26,131.3
5/1/90,87.5,3775.8,7245.8,2479.2,5.4,8.18,131.3
6/1/90,85.5,3804.5,7257.3,2474,5.2,8.29,132
7/1/90,84.4,3821.7,7283.7,2470.9,5.5,8.15,132.7
8/1/90,94.4,3848.3,7239.1,2463.5,5.7,8.13,132.9
9/1/90,107.2,3870.1,7236.8,2456.3,5.9,8.2,133.2
10/1/90,120.3,3870.6,7178.7,2443.3,5.9,8.11,133.6
11/1/90,117.2,3871.9,7181.9,2440.2,6.2,7.81,134
12/1/90,113.1,3861.3,7224.7,2438,6.3,7.31,134.2
1/1/91,108.2,3841,7205.7,2440.8,6.4,6.91,135.8
2/1/91,103,3866.7,7216.8,2451.4,6.6,6.25,135.5
3/1/91,97.6,3913,7229.1,2464.3,6.8,6.12,135.8
4/1/91,93.3,3907.1,7258,2466.6,6.7,5.91,136.7
5/1/91,90.5,3933.2,7259.5,2465.3,6.9,5.78,136.8
6/1/91,90,3940.5,7296.7,2464.6,6.9,5.9,137.2
7/1/91,89.5,3966,7282,2464.1,6.8,5.82,136.5
8/1/91,90.2,3969.1,7298.3,2456.1,6.9,5.66,136
9/1/91,91.1,3984.7,7317.7,2448.8,6.9,5.45,136
10/1/91,92,3976,7328,2449.1,7,5.21,135.8
11/1/91,95.3,4003.6,7338.4,2442.3,7,4.81,136.2
12/1/91,93.8,4020.5,7403.6,2440.1,7.3,4.43,136.7
1/1/92,89.3,4084.7,7474.8,2444.8,7.3,4.03,137.2
2/1/92,88.7,4099.5,7507.2,2453.1,7.4,4.06,137.5
3/1/92,88.3,4117,7513.8,2447.1,7.4,3.98,138.1
4/1/92,88.6,4131.5,7535,2438.8,7.4,3.73,138.1
5/1/92,89.5,4158.4,7570.2,2432.8,7.6,3.82,137.4
6/1/92,91.3,4177.1,7601.6,2422.1,7.8,3.76,137.4
7/1/92,92.4,4204.8,7595.9,2415.6,7.7,3.25,137.2
8/1/92,92.8,4220.9,7622.6,2413.9,7.6,3.3,138
9/1/92,92.5,4255.3,7586.9,2416.9,7.6,3.22,138.5
10/1/92,92.5,4284.7,7537.9,2416.2,7.3,3.1,138.3
11/1/92,92.3,4300.5,7549.3,2411.3,7.4,3.09,138.3
12/1/92,90.9,4336.4,7818.6,2406.7,7.4,2.92,138.7
1/1/93,90.2,4340.7,7648.1,2394.3,7.3,3.02,139.8
2/1/93,89.8,4355.3,7684.5,2386.1,7.1,3.03,139.9
3/1/93,91.3,4352.5,7660.8,2380.8,7,3.07,140.1
4/1/93,91.8,4393.4,7700.6,2372.3,7.1,2.96,140.6
5/1/93,91.2,4422.4,7689.4,2383.4,7.1,3,141.1
6/1/93,91.5,4440,7675.1,2385.6,7,3.04,140.4
7/1/93,91.4,4468.9,7694.3,2382,6.9,3.06,140.3
8/1/93,90.5,4481.1,7705.4,2379.6,6.8,3.03,140.8
9/1/93,89.9,4511.5,7684.4,2380.8,6.7,3.09,141.1
10/1/93,89.7,4532.8,7646.9,2374.1,6.8,2.99,141.6
11/1/93,89.2,4554.1,7668.1,2376.8,6.6,3.02,141.9
12/1/93,87.3,4571.1,7929.4,2374.9,6.5,2.96,142.7
1/1/94,87.2,4585.1,7780.4,2375.2,6.6,3.05,143.7
2/1/94,91.1,4632.6,7795,2369.3,6.6,3.25,142.9
3/1/94,90.8,4646,7820.5,2365.8,6.5,3.34,143.2
4/1/94,89.2,4671.1,7820.4,2365,6.4,3.56,143.4
5/1/94,88.5,4669.5,7910.6,2366.6,6.1,4.01,143.5
6/1/94,88.6,4708.9,7898.1,2352.6,6.1,4.25,143.5
7/1/94,89.3,4720.6,7905,2350.5,6.1,4.26,144.2
8/1/94,89.5,4762.6,7914.4,2339.4,6,4.47,144.8
9/1/94,88.9,4775,7949,2335,5.9,4.73,145
10/1/94,87.8,4812.9,8024.4,2332.2,5.8,4.76,145
11/1/94,87.4,4825.6,8023.9,2327.9,5.6,5.29,145.3
12/1/94,87.2,4841.6,8060.2,2322.7,5.5,5.45,146.8
1/1/95,87.3,4851.2,8086,2320.5,5.6,5.53,147.5
2/1/95,86.9,4850.8,8102,2312.7,5.4,5.92,147.4
3/1/95,87.1,4885.4,8124.2,2308.9,5.4,5.98,147.4
4/1/95,87.3,4890.2,8064,2305.1,5.8,6.05,148.4
5/1/95,88.2,4933.1,8145.6,2317,5.6,6.01,148.3
6/1/95,88.9,4977.5,8169.8,2328.7,5.6,6,147.9
7/1/95,89.3,4970.2,8187.8,2337.7,5.7,5.85,148.1
8/1/95,89.3,5005.3,8193,2347.3,5.7,5.74,148.4
9/1/95,88.9,5020.5,8219.4,2352.8,5.6,5.8,148.9
10/1/95,88,5013.9,8228.4,2354,5.5,5.76,149.4
11/1/95,87.5,5055.6,8250.5,2355.2,5.6,5.8,149.4
12/1/95,88.5,5097.5,8261.3,2358.3,5.6,5.6,149.9
1/1/96,94.9,5085.7,8272.1,2358,5.6,5.56,151
2/1/96,94.1,5132.8,8335.8,2362.5,5.5,5.22,150.8
3/1/96,96.2,5173.3,8362.4,2371,5.5,5.31,151.6
4/1/96,100.2,5208,8311.8,2368.8,5.6,5.22,152.3
5/1/96,99.2,5223.8,8416.8,2371.9,5.6,5.24,152
6/1/96,95.8,5229.8,8467.1,2375.6,5.3,5.27,152.6
7/1/96,95.2,5251.9,8444,2380.3,5.5,5.4,153.2
8/1/96,95.7,5275,8464.7,2381.7,5.1,5.22,153.7
9/1/96,98.3,5296.6,8483.9,2380.1,5.2,5.3,154.6
10/1/96,104.5,5328.5,8482.7,2384.8,5.2,5.24,155.4
11/1/96,106.7,5351.2,8505.1,2391.4,5.4,5.31,155.9
12/1/96,109.5,5378.6,8533.1,2400.1,5.4,5.29,156.3
1/1/97,108.3,5411.1,8556.4,2405.6,5.3,5.25,156.5
2/1/97,105.6,5434,8579.2,2408.5,5.2,5.19,156.5
3/1/97,102.4,5454.2,8619,2416.3,5.2,5.39,156.6
4/1/97,100.3,5459.3,8624.5,2424.6,5.1,5.51,156.6
5/1/97,100.1,5460.2,8661.9,2432.3,4.9,5.5,156.6
6/1/97,99.6,5494.2,8689.7,2438.2,5,5.56,156.6
7/1/97,98.2,5548.8,8723.1,2446.3,4.9,5.52,157
8/1/97,97.6,5587,8768.6,2461.1,4.8,5.54,157.6
9/1/97,96.5,5601.7,8791.5,2464.7,4.9,5.54,157.9
10/1/97,96.9,5637.7,8834.8,2472,4.7,5.5,158.2
11/1/97,96.7,5661.1,8892.2,2482.9,4.6,5.52,158.5
12/1/97,95.2,5692.1,8944.3,2492.5,4.7,5.5,158.7
1/1/98,92.8,5689.9,9022.9,2503.8,4.6,5.56,159.9
2/1/98,91.3,5723.8,9081.2,2524,4.6,5.51,159.4
3/1/98,91.6,5750.3,9134.4,2539.7,4.7,5.49,159.7
4/1/98,91,5788.1,9164.1,2552.5,4.3,5.45,159.8
5/1/98,91.6,5837.9,9202,2561.1,4.4,5.49,160.3
6/1/98,91.2,5871.7,9254.2,2570.1,4.5,5.56,160.1
7/1/98,91.5,5890,9270,2575.9,4.5,5.54,160.5
8/1/98,91,5925,9299.3,2587.9,4.5,5.55,161
9/1/98,88.8,5965.6,9325.5,2610.2,4.6,5.51,161.1
10/1/98,87.8,5998.8,9337.5,2628.2,4.5,5.07,162
11/1/98,86.9,6015.4,9374.6,2648.6,4.4,4.83,162.1
12/1/98,84.2,6070.5,9391.7,2661.3,4.4,4.68,162.3
1/1/99,83.7,6073.9,9444.1,2673.1,4.3,4.63,163.6
2/1/99,82.9,6099.2,9476.2,2686.9,4.4,4.76,163.3
3/1/99,83.4,6133,9484.1,2689.4,4.2,4.81,163.3
4/1/99,85.6,6199.5,9453,2688.8,4.3,4.74,163.4
5/1/99,87.3,6232.1,9469.3,2702,4.2,4.74,163.7
6/1/99,88.8,6260.3,9501.3,2715.2,4.3,4.76,163.6
7/1/99,91,6287.6,9519,2720.2,4.3,4.99,163.8
8/1/99,93.6,6331.9,9559.1,2723.9,4.2,5.07,164.2
9/1/99,97.2,6386.5,9546.7,2722.1,4.2,5.22,164.6
10/1/99,99.4,6411.4,9598.7,2731.4,4.1,5.2,165.1
11/1/99,101,6448.7,9660.9,2737.8,4.1,5.42,165.2
12/1/99,104.9,6541,9735.9,2747.6,4,5.3,165.4
1/1/00,111,6542.9,9799.9,2756.2,4,5.45,166.1
2/1/00,141.1,6625.3,9837.9,2752.6,4.1,5.73,166.3
3/1/00,125.1,6686.5,9864,2754.5,4,5.85,166.5
4/1/00,120.6,6679.1,9913.7,2788.8,3.8,6.02,166.6
5/1/00,120.6,6709.7,9954.5,2776.8,4,6.27,167.3
6/1/00,122.6,6746.9,9982.3,2771.1,4,6.53,167.3
7/1/00,125.5,6768.5,10035.9,2773.2,4,6.54,168.1
8/1/00,126.3,6802.8,10098.3,2789.5,4.1,6.5,168.7
9/1/00,138.6,6888.6,10110.3,2795.6,3.9,6.52,168.9
10/1/00,140.4,6893.8,10139.2,2800,3.9,6.51,169.1
11/1/00,141.5,6909.8,10143.5,2801.5,3.9,6.51,168.9
12/1/00,144.3,6952.2,10164.3,2820.7,3.9,6.4,170
1/1/01,145.2,6987.4,10211.7,2833.5,4.2,5.98,170.9
2/1/01,138.2,7001.8,10223.4,2848.9,4.2,5.49,171.3
3/1/01,131.9,6996.7,10254.4,2880.2,4.3,5.31,171.7
4/1/01,130.5,7004.2,10233.1,2911.5,4.4,4.8,171.9
5/1/01,130.4,7052.8,10214.7,2895.1,4.3,4.21,172.5
6/1/01,131.4,7069.7,10218.1,2911.4,4.5,3.97,173
7/1/01,128.6,7082.3,10370.7,2933.1,4.6,3.77,173.5
8/1/01,127.6,7121.7,10543.1,2952.2,4.9,3.65,173.9
9/1/01,129.7,7007,10452.8,3003,5,3.07,174.1
10/1/01,124,7212.9,10267.7,3005.1,5.3,2.49,174.9
11/1/01,119.7,7182.3,10279.7,3031.4,5.5,2.09,174.6
12/1/01,112.6,7166.7,10298.9,3063,5.7,1.82,174.7
1/1/02,109.7,7184.6,10514.7,3069.3,5.7,1.73,175.8
2/1/02,107.3,7225.2,10531.6,3080.6,5.7,1.74,175.9
3/1/02,109.5,7243.4,10539,3078.5,5.7,1.73,176.1
4/1/02,112.7,7312.5,10574.2,3064.9,5.9,1.75,176.2
5/1/02,113.9,7288.9,10616.5,3076,5.8,1.75,175.8
6/1/02,114.5,7322.5,10648.2,3088.3,5.8,1.75,175.8
7/1/02,115.8,7387.3,10621,3105.1,5.8,1.73,176
8/1/02,116.6,7412.6,10623,3120,5.7,1.74,176
9/1/02,118,7391.5,10633.6,3128.3,5.7,1.75,176.4
10/1/02,120.6,7435.2,10661.8,3145.9,5.7,1.75,176.5
11/1/02,122.8,7463.8,10690.9,3168.4,5.9,1.34,176.8
12/1/02,125,7519.9,10719.9,3174.9,6,1.24,177.3
1/1/03,134.7,7541.3,10710.4,3178.9,5.8,1.24,177.5
2/1/03,148.8,7548.6,10674,3181.2,5.9,1.26,178.3
3/1/03,163.2,7611.5,10696.5,3187.3,5.9,1.25,178.6
4/1/03,144.2,7634.5,10752.7,3219.9,6,1.26,178.4
5/1/03,137.5,7650.3,10832,3258.2,6.1,1.26,178.8
6/1/03,135.5,7699.6,10860.6,3274.7,6.3,1.22,179.6
7/1/03,135.6,7757,10991.1,3289.4,6.2,1.01,179.7
8/1/03,135.6,7852.1,11066.7,3306.7,6.1,1.03,180.4
9/1/03,133.1,7853.7,10940.8,3280.8,6.1,1.01,180.7
10/1/03,131.6,7867.4,10982.3,3279.4,6,1.01,181.7
11/1/03,134.7,7922.6,11048.4,3280.6,5.8,1,182.4
12/1/03,136.5,7950.4,11057.2,3270.8,5.7,0.98,183.6
1/1/04,148.7,8007.1,11051.2,3261.1,5.7,1,183.8
2/1/04,147.2,8040.4,11071,3274.9,5.6,1.01,184.1
3/1/04,146.6,8098.8,11115.6,3287.1,5.8,1,184.4
4/1/04,145.5,8107.2,11153.3,3303.7,5.6,1,184.5
5/1/04,151.3,8176.5,11208.9,3330.6,5.6,1,186.1
6/1/04,154.9,8157.6,11215.8,3319.5,5.6,1.03,186.3
7/1/04,156.4,8236.9,11240.5,3323.3,5.5,1.26,186.8
8/1/04,161.3,8271.6,11274.6,3335.4,5.4,1.43,186.8
9/1/04,164.5,8341.5,11279.6,3343.2,5.4,1.61,186.7
10/1/04,176.5,8397.1,11282.5,3340.3,5.5,1.76,187.9
11/1/04,186.4,8444.5,11246.1,3338.4,5.4,1.93,188.2
12/1/04,183.1,8504.4,11659,3348.1,5.4,2.16,188.5
1/1/05,181.2,8497.7,11226.5,3353.1,5.3,2.28,189.1
2/1/05,188.5,8559.1,11229,3343.5,5.4,2.5,188.8
3/1/05,195.5,8598.4,11268.8,3336,5.2,2.63,189.1
4/1/05,199.5,8678.4,11304.2,3332.9,5.2,2.79,190.2
5/1/05,193.9,8671.6,11352.7,3343.6,5.1,3,190.6
6/1/05,195,8753.4,11375.5,3358.7,5,3.04,190.4
7/1/05,202.9,8853.8,11387.1,3354.2,5,3.26,190.8
8/1/05,209.8,8850.1,11405.3,3350.4,4.9,3.5,190.9
9/1/05,235.9,8900.4,11365.2,3322.1,5,3.62,191.4
10/1/05,241.1,8938.5,11428.7,3334.3,5,3.78,192.1
11/1/05,231.5,8946.2,11500.1,3359.4,5,4,192.4
12/1/05,227.8,8981.1,11535.2,3373,4.9,4.16,192.9
1/1/06,229.5,9071.6,11651.8,3374,4.7,4.29,194.1
2/1/06,230.5,9096,11702.8,3384.5,4.8,4.49,194
3/1/06,230.4,9132.9,11747.5,3386.5,4.7,4.59,194
4/1/06,236.4,9191.6,11744.4,3388.2,4.7,4.79,193.7
5/1/06,239.8,9231.8,11736.8,3381.5,4.6,4.94,194.2
6/1/06,239.1,9259.6,11751.9,3391.9,4.6,4.99,194.5
7/1/06,241.9,9343.8,11746.9,3393.9,4.7,5.24,195
8/1/06,245.3,9342.2,11737,3394.1,4.7,5.25,195.5
9/1/06,237.1,9375.4,11800.1,3424.2,4.5,5.25,196.2
10/1/06,227.9,9393.6,11853.7,3463.7,4.4,5.25,197.1
11/1/06,227.2,9400.2,11901.9,3479.4,4.5,5.25,196.8
12/1/06,233.2,9488.3,11958.6,3481.8,4.4,5.24,197
1/1/07,227.93,9538.7,11956.6,3494.7,4.6,5.25,198.812
2/1/07,231.8,9566,11996,3488.9,4.5,5.26,200
3/1/07,236.863,9611.7,12035.1,3487.3,4.4,5.26,200.403
4/1/07,240.09,9643.6,12052.8,3512,4.5,5.25,200.82
5/1/07,241.473,9685.8,12059.9,3504.3,4.4,5.25,201.791
6/1/07,241.589,9706.8,12053.3,3512.3,4.6,5.25,202.441
7/1/07,245.68,9751.1,12066.4,3520.7,4.7,5.26,203.121
8/1/07,246.542,9798.9,12070.9,3556.2,4.6,5.02,203.885
9/1/07,252.58,9845.1,12089.6,3549.9,4.7,4.94,204.941
10/1/07,261.745,9882.7,12080.4,3545.7,4.7,4.76,205.796
11/1/07,291.845,9955.9,12070.1,3529.7,4.7,4.49,206.277
12/1/07,299.296,9972.8,12120.5,3533.6,5,4.24,206.704
1/1/08,306.937,9996.4,12137.1,3537.4,5,3.94,208.618
2/1/08,308.269,9981.7,12141.8,3568.9,4.9,2.98,209.166
3/1/08,332.139,10035.3,12145.9,3586.9,5.1,2.61,209.385
4/1/08,342.811,10070.3,12100.8,3598.7,5,2.28,211.102
5/1/08,363.872,10132.3,12696.2,3583.1,5.4,1.98,212.054
6/1/08,389.423,10187.1,12376.6,3554.1,5.6,2,213.243
7/1/08,395.706,10185.1,12188.7,3550.2,5.8,2.01,215.299
8/1/08,367.794,10175.7,12120.6,3562.2,6.1,2,216.422
9/1/08,349.164,10116.4,12149,3590.8,6.1,1.81,217.696
10/1/08,318.667,10034.1,12240.5,3670.7,6.5,0.97,218.738
11/1/08,281.869,9885.2,12345.9,3760.6,6.8,0.39,218.749
12/1/08,256.209,9801.5,12288.8,3875.2,7.3,0.16,218.805
1/1/09,247.163,9847.2,12361.5,3903.9,7.8,0.15,219.675
2/1/09,242.264,9824.5,12241.9,3903.6,8.3,0.22,219.205
3/1/09,230.837,9773.2,12242.7,3938.6,8.7,0.18,218.6
4/1/09,228.107,9772.5,12320,3936.3,9,0.15,218.162
5/1/09,225.164,9791.6,12500.1,3957.7,9.4,0.18,217.826
6/1/09,232.638,9852.4,12273.2,3929.7,9.5,0.21,217.74
7/1/09,230.192,9886.3,12218.7,3933,9.5,0.16,217.257
8/1/09,237.521,10004.1,12194.8,3919.8,9.6,0.16,217.35
9/1/09,236.616,9927.8,12230.6,3911.9,9.8,0.15,217.218
10/1/09,243.936,9976.7,12193.2,3912.6,10,0.12,217.526
11/1/09,260.25,9985.7,12224.4,3913.2,9.9,0.12,217.265
12/1/09,262.649,10052.6,12280.2,3909,9.9,0.12,217.637
1/1/10,280.85,10056.1,12285.8,3889,9.8,0.11,218.874
2/1/10,277.284,10093.4,12292,3915.4,9.8,0.13,218.778
3/1/10,276.027,10156,12340.3,3912.8,9.9,0.16,219.032
4/1/10,278.08,10182.3,12447.1,3926,9.9,0.2,219.218
5/1/10,272.606,10210.8,12540.3,3953.2,9.6,0.2,219.374
6/1/10,265.521,10231.3,12544.3,3963.6,9.4,0.18,219.218
7/1/10,261.257,10268.1,12554.2,3960.8,9.4,0.18,219.121
8/1/10,263.196,10307.1,12591.4,3978.1,9.5,0.19,219.491
9/1/10,265.812,10327.1,12589.9,3985.8,9.5,0.19,220.216
10/1/10,276.551,10386.4,12592.5,3994.5,9.4,0.19,220.616
11/1/10,286.367,10433.6,12605.1,3993.8,9.8,0.19,220.617
12/1/10,298.037,10471,12680.6,3992.3,9.3,0.18,220.946
1/1/11,308.306,10514.3,12740.1,3989,9.1,0.17,222.912
2/1/11,315.129,10540.6,12776.6,4004.9,9,0.16,223.799
3/1/11,328.847,10619.7,12742.7,4009.7,9,0.14,225.35
4/1/11,340.035,10652.1,12721.3,4018.4,9.1,0.1,226.15
5/1/11,345.325,10672.2,12705.3,4037,9,0.09,226.976
6/1/11,345.235,10694.8,12756.9,4070.6,9.1,0.09,227.36
7/1/11,346.556,10731.6,12805.6,4133.5,9,0.07,228.316
8/1/11,345.613,10750.3,12799.7,4204.9,9,0.1,229.554
9/1/11,344.318,10783.2,12781.7,4205,9,0.08,230.573
10/1/11,343.218,10802.9,12791.9,4217,8.8,0.07,231.017
11/1/11,346.209,10806.8,12782.7,4231.5,8.6,0.08,230.79
12/1/11,341.472,10817.8,12898.5,4251.4,8.5,0.07,231.301
1/1/12,338.522,10896.8,12967.5,4272,8.3,0.08,232.666
2/1/12,339.818,10987.2,13029.6,4285.8,8.3,0.1,232.486
3/1/12,339.337,10993.9,13066.4,4296.5,8.2,0.13,232.792
4/1/12,344.224,11018.5,13116.5,4312.9,8.2,0.14,233.234
5/1/12,341.34,11006.8,13112.5,4341,8.2,0.16,233.339
6/1/12,323.907,10989.8,13097.2,4375.6,8.2,0.16,233.563
7/1/12,320.495,11016.8,12999.8,4397.3,8.2,0.16,233.63
8/1/12,330.489,11056,12961.6,4402.1,8.1,0.13,234.156
9/1/12,336.39,11105.3,13053.1,4415.6,7.8,0.14,234.298
10/1/12,339.808,11137.4,13142,4432.5,7.8,0.16,234.878
11/1/12,339.536,11178.4,13315.7,4470.3,7.7,0.16,234.896
12/1/12,335.029,11181.2,13642.7,4523.7,7.9,0.16,235.39
1/1/13,332.369,11252.4,12845.5,4524.8,8,0.14,236.341
2/1/13,333.382,11290.5,12813.9,4508.2,7.7,0.15,236.301
3/1/13,326.197,11290.1,12852.1,4545.5,7.5,0.14,236.332
4/1/13,322.008,11281.1,12893.4,4567.1,7.6,0.15,236.841
5/1/13,319.91,11321.6,12954.2,4580.1,7.5,0.11,236.526
6/1/13,324.282,11344.4,12955.7,4594.1,7.5,0.09,236.792
7/1/13,329.138,11372.6,12941.8,4602.1,7.3,0.09,237.001
8/1/13,336.346,11406.6,12969.6,4616.1,7.2,0.08,237.406
9/1/13,338.721,11445.9,13027.5,4640.3,7.2,0.08,237.522
10/1/13,336.807,11498,12974.6,4691.1,7.2,0.09,237.871
11/1/13,339.241,11562.5,12998.9,4685.9,6.9,0.08,237.641
12/1/13,344.229,11593.2,13019.1,4701.4,6.7,0.09,237.869
1/1/14,362.119,11578.8,13079.5,4720,6.6,0.07,238.872
2/1/14,381.604,11636.9,13148,4742.7,6.7,0.07,239.608
3/1/14,352.431,11722.3,13219.9,4748.6,6.7,0.08,240.398
4/1/14,340.56,11762.3,13270.2,4758.8,6.2,0.09,241.337
5/1/14,339.154,11807.3,13312.9,4777.1,6.3,0.09,242.344
6/1/14,338.331,11861.7,13360.4,4794.3,6.1,0.1,242.326
7/1/14,338.806,11904.4,13386.8,4811.6,6.2,0.09,243.034
8/1/14,340.2,11983.7,13445.9,4822.7,6.1,0.09,243.811
9/1/14,333.25,11991.4,13486.3,4839.9,5.9,0.09,244.63
10/1/14,323.344,12064.7,13550.7,4872.2,5.7,0.09,245.166
11/1/14,317.626,12083.9,13624.4,4898.6,5.8,0.09,245.192
12/1/14,295.589,12096.1,13719.1,4949,5.6,0.12,245.976
1/1/15,271.328,12066.7,13797.7,5011.6,5.7,0.11,246.538
2/1/15,269.641,12116.6,13848,5044.1,5.5,0.11,246.68
3/1/15,277.899,12176.1,13811.3,5035.9,5.4,0.11,246.045
4/1/15,266.924,12209.1,13842,5047.5,5.4,0.12,246.121
5/1/15,265.835,12275.4,13865.6,5044,5.6,0.12,246.187
6/1/15,264.841,12307.9,13874.1,5049.5,5.3,0.13,246.68
7/1/15,256.667,12364.9,13905.7,5062.3,5.2,0.13,247.003
8/1/15,247.622,12396.2,13935.8,5083.4,5.1,0.14,247.671
9/1/15,241.051,12386.4,13972.2,5120.3,5,0.14,248.632
10/1/15,240.798,12394.9,13996.9,5132.1,5,0.12,249.052
11/1/15,241.288,12423.2,13993.4,5163.4,5.1,0.12,248.306
12/1/15,226.805,12452,14060.2,5194.5,5,0.24,247.903
1/1/16,215.393,12478,14121.1,5251.4,4.8,0.34,248.631
2/1/16,211.663,12554.5,14135.3,5286.5,4.9,0.38,248.8
3/1/16,212.927,12537,14135.4,5296.2,5,0.36,247.978
4/1/16,215.225,12611.5,14106.2,5311,5.1,0.37,248.413
5/1/16,222.945,12652.7,14095.5,5327.9,4.8,0.37,247.86
6/1/16,230.486,12731.2,14104.9,5340.4,4.9,0.38,247.482
7/1/16,230.473,12756.7,14160.1,5368.4,4.8,0.39,247.554
8/1/16,229.326,12788.1,14176.7,5394.5,4.9,0.4,247.719
9/1/16,230.585,12846.6,14209.1,5406.5,5,0.4,247.917
10/1/16,237.05,12867,14235.4,5422.8,4.9,0.4,248.073
11/1/16,236.704,12893,14273.6,5445.6,4.7,0.41,247.435
12/1/16,243.498,13005.9,14313.7,5445.4,4.7,0.54,247.313
1/1/17,250.636,13063.7,14373.7,5452.6,4.7,0.65,248.242
2/1/17,252.102,13088.4,14416.8,5470.4,4.6,0.66,248.791
3/1/17,249.799,13139.9,14476.3,5501.1,4.4,0.79,249.165
4/1/17,251.602,13169.2,14509.3,5519.2,4.4,0.9,249.739
5/1/17,247.118,13171.9,14610.7,5547.3,4.4,0.91,250.016
6/1/17,243.269,13225.2,14618.7,5553.5,4.3,1.04,249.653
7/1/17,240.827,13263.3,14660.2,5577.8,4.3,1.15,250.214
8/1/17,250.736,13294.6,14678.3,5580.3,4.4,1.16,250.493
9/1/17,260.479,13417.3,14706,5570.4,4.3,1.15,250.993
10/1/17,261.249,13447.5,14748.6,5588.1,4.2,1.15,251.364
11/1/17,270.037,13540.6,14771.1,5583.7,4.2,1.16,250.871
12/1/17,275.414,13666.1,14797.9,5590.3,4.1,1.3,251.238
1/1/18,286.177,13703.3,14886.6,5570.1,4,1.41,252.361
2/1/18,281.993,13738.7,14921.1,5570.3,4.1,1.42,252.266
3/1/18,281.306,13793.2,14974.8,5592.7,4,1.51,252.37
4/1/18,291.357,13838.4,15007.2,5587.2,4,1.69,253.209
5/1/18,291.823,13905,15057.8,5600.7,3.8,1.7,253.098
6/1/18,292.436,13930.4,15119.3,5620,4,1.82,253.231
7/1/18,298.175,13974.8,15184.7,5630.8,3.8,1.91,253.746
8/1/18,303.794,14014,15238.6,5639.8,3.8,1.91,254.077
9/1/18,306.195,14017.8,15237.5,5640.6,3.7,1.95,254.393
10/1/18,306.119,14083.1,15274.1,5631.4,3.8,2.19,254.358
11/1/18,298.763,14162.9,15315.2,5639.5,3.8,2.2,254.379
12/1/18,280.556,14051.6,15506.5,5679.3,3.9,2.27,255.21
1/1/19,268.941,14088.4,15501.7,5708.4,4,2.4,256.417
2/1/19,276.268,14115.5,15553.7,5706,3.8,2.4,257.222
3/1/19,280.952,14240.1,15568.9,5701.1,3.8,2.41,257.724
4/1/19,288.646,14278.3,15524.4,5693.2,3.7,2.42,257.708
5/1/19,291.141,14340.8,15519.6,5735.9,3.6,2.39,258.11
6/1/19,281.954,14391.2,15546.4,5785.5,3.6,2.38,258.064
7/1/19,283.58,14471.8,15565.7,5804.2,3.7,2.4,258.274
8/1/19,280.499,14525.7,15654.1,5830.7,3.6,2.13,258.41
9/1/19,278.086,14555.6,15691.3,5857.3,3.5,2.04,258.943
10/1/19,274.996,14584,15718.1,5893.1,3.6,1.83,259.632
11/1/19,278.762,14678.6,15778.2,5914.6,3.6,1.55,259.467
12/1/19,286.453,14741.3,15684.8,5921.1,3.6,1.55,259.823
1/1/20,277.245,14815.7,15852.5,5940.6,3.6,1.55,261.057
2/1/20,263.313,14810.7,15918,5952.8,3.5,1.58,261.876
3/1/20,240.98,13793,15696.3,6183.2,4.4,0.65,262.708
4/1/20,221.206,12228.3,18020.2,6631.1,14.8,0.05,266.757
5/1/20,215.38,13251.4,17104.6,6977.2,13.2,0.05,268.439
6/1/20,225.864,14027.1,17035,7059.3,11,0.08,269.77
7/1/20,232.455,14285.1,17193.2,7079.2,10.2,0.09,268.863
8/1/20,236.504,14428.4,16525.8,7080.8,8.4,0.1,269.079
9/1/20,229.059,14655,16607.9,7152.1,7.8,0.09,269.163
10/1/20,225.118,14702.5,16561.9,7203.4,6.8,0.09,269.828
11/1/20,231.844,14675.8,16368.1,7269.5,6.7,0.09,269.069
12/1/20,248.305,14801.8,16406.1,7292.6,6.7,0.09,270.023
1/1/21,257.34,15047.3,18107.3,7365.4,6.4,0.09,270.938
2/1/21,278.375,14948.2,16604.9,7426.8,6.2,0.08,271.363
3/1/21,284.478,15657.6,20422.6,7481.2,6.1,0.07,271.812
4/1/21,283.597,15854.1,17316.6,7551.4,6.1,0.07,273.09
5/1/21,291.035,15890,16819.1,7617.8,5.8,0.06,274.212
6/1/21,299.314,16108.5,16736.3,7571.8,5.9,0.08,276.206
7/1/21,304.134,16150.8,16836.1,7580.6,5.4,0.1,278.127
8/1/21,303.845,16305.6,16791.7,7636,5.1,0.09,279.135
9/1/21,311.5,16398.9,16564.3,7652.7,4.7,0.08,281.506
10/1/21,332.822,16613.8,16547.4,7647.4,4.5,0.08,284.205
11/1/21,343.203,16741.6,16499.8,7645.1,4.1,0.08,285.507
12/1/21,343.663,16799.2,16418.5,7654.7,3.9,0.08,286.966
1/1/22,352.178,16888.6,16080.8,7632.1,4,0.08,289.772
2/1/22,371.651,16999.7,16092.7,7594.4,3.8,0.08,292.794
3/1/22,430.753,17203.6,16028.1,7550.5,3.6,0.2,295.728
4/1/22,450.664,17310.5,16042.6,7519.7,3.7,0.33,298.711
5/1/22,512.249,17384.8,16023.2,7443.8,3.6,0.77,302.038
6/1/22,509.85,17550,15963.4,7337.2,3.6,1.21,305.041
7/1/22,469.843,17556.4,16109.3,7336.5,3.5,1.68,308.532
8/1/22,451.839,17692.2,16161.4,7325.1,3.6,2.33,310.875
9/1/22,435.761,17804,16184.9,7257.6,3.5,2.56,313.142
10/1/22,478.732,17915.1,16223.5,7198.2,3.6,3.08,315.323
11/1/22,485.983,17892.5,16229.6,7160.8,3.6,3.78,315.857
12/1/22,433.4,17943.6,16265.1,7126.2,3.5,4.1,316.839
1/1/23,417.589,18229.6,16601.9,7060.8,3.4,4.33,319.136
2/1/23,392.992,18296.5,16656.1,7009.7,3.6,4.57,320.569
3/1/23,383.785,18282.6,16730.2,6922.5,3.5,4.65,320.863
4/1/23,382.466,18363.8,16763.9,6841.6,3.4,4.83,321.566
5/1/23,366.167,18407.8,16818.5,6866,3.7,5.06,322.249
6/1/23,362.49,18485.4,16809.5,6847.4,3.6,5.08,322.556
7/1/23,370.104,18595.4,16816.4,6824.4,3.5,5.12,323.523
8/1/23,395.957,18651.6,16826.2,6781.3,3.8,5.33,324.1
9/1/23,411.343,18791.5,16816.3,6739.6,3.8,5.33,324.704
10/1/23,396.278,18826.8,16847.8,6730.6,3.8,5.33,325.731
11/1/23,392.414,18903,16912.1,6728.3,3.7,5.33,325.172
12/1/23,382.583,19013.7,16946.5,6732.5,3.7,5.33,325.409
1/1/24,373.663,19043.6,16946.7,6713.3,3.7,5.33,327.327
2/1/24,376.162,19189,16931.6,6681.7,3.9,5.33,327.731